Workbook

Sheet Band Calculator
A1: Drifter | B1: Current Level | C1: Talent per Lvl | D1: All Ally Band | E1: As a Singer | F1: Ally Singer | G1: Ally Female | H1: Ally Musician | I1: As a Musician | J1: Remix | K1: Samba | L1: Blues | M1: Valkeryie Peak | N1: Rating per Drifter Level | O1: Score Contribution
A2: Dracula | B2: 53 | C2: =VLOOKUP(A2,'Drifter Stats'!$A$4:$Q$24,2,FALSE) | D2: =$I$11 | E2: =$I$12 | F2: =$I$13 | J2: =$I$16*IF($B$10 = J1, 1, 0) | M2: =$I$9 | N2: =ROUND(10*C2*(SUM(D2:L2)+1)*(SUM(1+M2)),0)/10 | O2: =FLOOR(B2*N2,1)
A3: Idol Boy | B3: 39 | C3: =VLOOKUP(A3,'Drifter Stats'!$A$4:$Q$24,2,FALSE) | D3: =$I$11 | F3: =$I$13 | K3: =$I$17*IF($B$10 = K1, 1, 0) | M3: =$I$9 | N3: =ROUND(10*C3*(SUM(D3:L3)+1)*(SUM(1+M3)),0)/10 | O3: =FLOOR(B3*N3,1)
A4: Madam Huang | B4: 41 | C4: =VLOOKUP(A4,'Drifter Stats'!$A$4:$Q$24,2,FALSE) | D4: =$I$11 | G4: =$I$10 | H4: =$I$15 | M4: =$I$9 | N4: =ROUND(10*C4*(SUM(D4:L4)+1)*(SUM(1+M4)),0)/10 | O4: =FLOOR(B4*N4,1)
A5: Athena | B5: 19 | C5: =VLOOKUP(A5,'Drifter Stats'!$A$4:$Q$24,2,FALSE) | D5: =$I$11 | G5: =$I$10 | H5: =$I$15 | L5: =$I$18*IF($B$10 = L1, 1, 0) | M5: =$I$9 | N5: =ROUND(10*C5*(SUM(D5:L5)+1)*(SUM(1+M5)),0)/10 | O5: =FLOOR(B5*N5,1)
A6: Commissioner | B6: 41 | C6: =VLOOKUP(A6,'Drifter Stats'!$A$4:$Q$24,2,FALSE) | D6: =$I$11 | G6: =$I$10 | H6: =$I$15 | I6: =$I$14 | M6: =$I$9 | N6: =ROUND(10*C6*(SUM(D6:L6)+1)*(SUM(1+M6)),0)/10 | O6: =FLOOR(B6*N6,1)
E8: Skill Type | F8: Owner | G8: Rating | H8: Level | I8: Effect | J8: Score per Level
A9: Anecdote | B9: Canticle | E9: Valyrkie Peak Effect | F9: Huang | G9: =IF(H7 >= 10, 'Drifter Priority'!D237, 'Drifter Priority'!C237) | H9: 20 | I9: =0.02*H9 | J9: =IF(H9<20, 1, 0)*(SUM(O2:O6)/(1+I9)*0.02)
A10: Song Type | B10: =VLOOKUP(B9,'Rift Anecdotes'!B174:G195,5,FALSE) | E10: Female Band Effect | F10: Huang | G10: =IF(H8 >= 10, 'Drifter Priority'!D236, 'Drifter Priority'!C236) | H10: 20 | I10: =0.03*H10 | J10: =IF(H10<20, 1, 0)*((FLOOR(B4*C4,1)+FLOOR(B5*C5,1)+FLOOR(B6*C6,1))*0.03*SUM(1, I9))
A11: Target Score | B11: =VLOOKUP(B9,'Rift Anecdotes'!B174:G195,6,FALSE) | E11: All Ally Effect | F11: Dracula | G11: =IF(H9 >= 10, 'Drifter Priority'!D107, 'Drifter Priority'!C107) | H11: 20 | I11: =0.02*H11 | J11: =IF(H11<20, 1, 0)*((FLOOR(B2*C2,1)+FLOOR(B3*C3,1)+FLOOR(B4*C4,1)+FLOOR(B5*C5,1)+FLOOR(B6*C6,1))*0.02*SUM(1, I9))
A12: Standard | E12: As a Singer Effect | F12: Dracula | G12: =IF(H10 >= 10, 'Drifter Priority'!D105, 'Drifter Priority'!C105) | H12: 20 | I12: =0.04*H12 | J12: =IF(H12<20, 1, 0)*((FLOOR(B2*C2,1))*0.04*SUM(1, I9))
A13: Expected Score | B13: =SUM(O2:O6)+I19+I20 | E13: Ally Singer Effect | F13: Idol Boy | G13: =IF(H11 >= 10, 'Drifter Priority'!D283, 'Drifter Priority'!C283) | H13: 20 | I13: =0.04*H13 | J13: =IF(H13<20, 1, 0)*((FLOOR(B2*C2,1)+FLOOR(B3*C3,1))*0.04*SUM(1, I9))
A14: Difference | B14: =B11-B13 | E14: As Musician Effect | F14: Commissioner | G14: =IF(H12 >= 10, 'Drifter Priority'!D266, 'Drifter Priority'!C266) | H14: 20 | I14: =0.04*H14 | J14: =IF(H14<20, 1, 0)*((FLOOR(B6*C6,1))*0.04*SUM(1, I9))
A15: Result | B15: =IF(B13>B11, "Win", "Lose") | E15: Ally Musician Effect | F15: Commissioner | G15: =IF(H13 >= 10, 'Drifter Priority'!D268, 'Drifter Priority'!C268) | H15: 20 | I15: =0.03*H15 | J15: =IF(H15<20, 1, 0)*(FLOOR(B4*C4,1)+FLOOR(B5*C5,1)+FLOOR(B6*C6,1))*0.03*SUM(1, I9)
A16: With Mysterious Bonus | E16: Remix Effect | F16: Dracula | G16: =IF(H14 >= 10, 'Drifter Priority'!D106, 'Drifter Priority'!C106) | H16: 20 | I16: =0.05*H16 | J16: =IF(H16<20, 1, 0)*((FLOOR(B2*C2,1))*0.05*SUM(1, I9))
A17: Expected Score | B17: =B13+15000 | E17: Samba Effect | F17: Idol Boy | G17: =IF(H15 >= 10, 'Drifter Priority'!D284, 'Drifter Priority'!C284) | H17: 20 | I17: =0.05*H17 | J17: =IF(H17<20, 1, 0)*((FLOOR(B3*C3,1))*0.05*SUM(1, I9))
A18: Difference | B18: =B11-B17 | E18: Blues Effect | F18: Athena | G18: =IF(H16 >= 10, 'Drifter Priority'!D125, 'Drifter Priority'!C125) | H18: 10 | I18: =0.05*H18 | J18: =IF(H18<20, 1, 0)*((FLOOR(B5*C5,1))*0.05*SUM(1, I9))
A19: Result | B19: =IF(B17>B11, "Win", "Lose") | E19: Stage Control | F19: Idol Boy | G19: =IF(H17 >= 10, 'Drifter Priority'!D282, 'Drifter Priority'!C282) | H19: 20 | I19: =500*H19 | J19: =IF(H19>=0,1,0)*IF(H19<20,1,0)*500
A20: Credit: SYT for base calculator | E20: Athena's Delight | F20: Athena | G20: =IF(H18 >= 10, 'Drifter Priority'!D124, 'Drifter Priority'!C124) | H20: 20 | I20: =IF(H20>10,1,0)*(H20-10)*1000 | J20: =IF(H20>=10,1,0)*IF(H20<20,1,0)*1000
