Workbook

Sheet Dance Calculator
A1: Drifter | B1: Current Level | C1: Talent per Lvl | D1: All Drifter Talent | E1: Female Talent | F1: Male Talent | G1: Self Talent | H1: Against Females | I1: Sword Dance | J1: Rating per Drifter Lvl | K1: Dance Rating (Male) | L1: Dance Rating (Female)
A2: Excalibra | B2: 60 | C2: =VLOOKUP(A2,'Drifter Stats'!$A$4:$Q$24,12,FALSE) | D2: =M13 | F2: =M16 | G2: =M12 | I2: =M14 | J2: =FLOOR(10*(C2*(1+SUM(D2:H2))*3)*(1+I2),1)/10 | K2: =B2*FLOOR(10*(C2*(1+SUM(D2:G2))*3)*(1+I2),1)/10 | L2: =B2*FLOOR(10*(C2*(1+SUM(D2:H2))*3)*(1+I2),1)/10
A3: Idol boy | B3: 60 | C3: =VLOOKUP(A3,'Drifter Stats'!$A$4:$Q$24,12,FALSE) | D3: =M13 | F3: =M16 | H3: =M17 | J3: =(C3*(1+SUM(D3:H3))*3)*(1+I3) | K3: =B3*FLOOR(10*(C3*(1+SUM(D3:G3))*3)*(1+I3),1)/10 | L3: =B3*FLOOR(10*(C3*(1+SUM(D3:H3))*3)*(1+I3),1)/10
A4: Dracula | B4: 48 | C4: =VLOOKUP(A4,'Drifter Stats'!$A$4:$Q$24,12,FALSE) | D4: =M13 | F4: =M16 | J4: =FLOOR(10*(C4*(1+SUM(D4:H4))*3)*(1+I4),1)/10 | K4: =B4*FLOOR(10*(C4*(1+SUM(D4:G4))*3)*(1+I4),1)/10 | L4: =B4*FLOOR(10*(C4*(1+SUM(D4:H4))*3)*(1+I4),1)/10
A5: Athena | B5: 19 | C5: =VLOOKUP(A5,'Drifter Stats'!$A$4:$Q$24,12,FALSE) | D5: =M13 | E5: =M15 | J5: =FLOOR(10*(C5*(1+SUM(D5:H5))*3)*(1+I5),1)/10 | K5: =B5*FLOOR(10*(C5*(1+SUM(D5:G5))*3)*(1+I5),1)/10 | L5: =B5*FLOOR(10*(C5*(1+SUM(D5:H5))*3)*(1+I5),1)/10
A6: Commissioner | B6: 15 | C6: =VLOOKUP(A6,'Drifter Stats'!$A$4:$Q$24,12,FALSE) | D6: =M13 | E6: =M15 | J6: =FLOOR(10*(C6*(1+SUM(D6:H6))*3)*(1+I6),1)/10 | K6: =B6*FLOOR(10*(C6*(1+SUM(D6:G6))*3)*(1+I6),1)/10 | L6: =B6*FLOOR(10*(C6*(1+SUM(D6:H6))*3)*(1+I6),1)/10
A7: Amakusa | B7: 60 | C7: =VLOOKUP(A7,'Drifter Stats'!$A$4:$Q$24,12,FALSE) | D7: =M13 | F7: =M16 | J7: =FLOOR(10*(C7*(1+SUM(D7:H7))*3)*(1+I7),1)/10 | K7: =B7*FLOOR(10*(C7*(1+SUM(D7:G7))*3)*(1+I7),1)/10 | L7: =B7*FLOOR(10*(C7*(1+SUM(D7:H7))*3)*(1+I7),1)/10
A11: Position | B11: Enemy Score | C11: Gender | D11: Drifter | E11: Player Score | F11: Effective Enemy Score | G11: Victory | I11: Skill Type | J11: Owner | K11: Rating | L11: Level | M11: Effect
A12: 1 | B12: =VLOOKUP($B$18,'Rift Anecdotes'!$B$6:$H$27,3,FALSE) | C12: =VLOOKUP($B$18,'Rift Anecdotes'!$X$6:$AC$27,2,FALSE) | D12: Excalibra | E12: =FLOOR(VLOOKUP(D12,$A$2:$L$7,IF(C12="Male",11,12),false)*(1+ IF(D12="Commissioner", $M$20, 0)) + IF(D12="Dracula", $M$18*3, 0),1) | F12: =IF(AND(D12 = "Athena", C12 = "Male"), 0, (FLOOR(B12*(IF(D12="Amakusa", 1-$M$19, 1)) - 3*(IF(D12="Dracula",$M$18, 0)),1))) | G12: =IF(E12 > F12, 1, 0) | I12: Self Talent | J12: Excalibra | K12: =IF(L10 >= 10, 'Drifter Priority'!D41, 'Drifter Priority'!C41) | L12: 20 | M12: =0.04*L12
A13: 2 | B13: =VLOOKUP($B$18,'Rift Anecdotes'!$B$6:$H$27,4,FALSE) | C13: =VLOOKUP($B$18,'Rift Anecdotes'!$X$6:$AC$27,3,FALSE) | D13: Athena | E13: =FLOOR(VLOOKUP(D13,$A$2:$L$7,IF(C13="Male",11,12),false) + IF(D13="Dracula", $M$18*3, 0) + 3*$M$21*SUM(G12),1) | F13: =IF(AND(D13 = "Athena", C13 = "Male"), 0, (FLOOR(B13*(IF(D13="Amakusa", 1-$M$19, 1)) - 3*(IF(D13="Dracula",$M$18, 0)),1))) | G13: =IF(E13 > F13, 1, 0) | I13: All Drifter Talent | J13: Excalibra | K13: =IF(L11 >= 10, 'Drifter Priority'!D42, 'Drifter Priority'!C42) | L13: 20 | M13: =0.02*L13
A14: 3 | B14: =VLOOKUP($B$18,'Rift Anecdotes'!$B$6:$H$27,5,FALSE) | C14: =VLOOKUP($B$18,'Rift Anecdotes'!$X$6:$AC$27,4,FALSE) | D14: Amakusa | E14: =FLOOR(VLOOKUP(D14,$A$2:$L$7,IF(C14="Male",11,12),false) + IF(D14="Dracula", $M$18*3, 0) + 3*$M$21*SUM(G12:G13),1) | F14: =IF(AND(D14 = "Athena", C14 = "Male"), 0, (FLOOR(B14*(IF(D14="Amakusa", 1-$M$19, 1)) - 3*(IF(D14="Dracula",$M$18, 0)),1))) | G14: =IF(E14 > F14, 1, 0) | I14: Sword Dance | J14: Excalibra | K14: =IF(L12 >= 10, 'Drifter Priority'!D43, 'Drifter Priority'!C43) | L14: 20 | M14: =0.03*L14
A15: 4 | B15: =VLOOKUP($B$18,'Rift Anecdotes'!$B$6:$H$27,6,FALSE) | C15: =VLOOKUP($B$18,'Rift Anecdotes'!$X$6:$AC$27,5,FALSE) | D15: Idol Boy | E15: =FLOOR(VLOOKUP(D15,$A$2:$L$7,IF(C15="Male",11,12),false) + IF(D15="Dracula", $M$18*3, 0) + 3*$M$21*SUM(G12:G14),1) | F15: =IF(AND(D15 = "Athena", C15 = "Male"), 0, (FLOOR(B15*(IF(D15="Amakusa", 1-$M$19, 1)) - 3*(IF(D15="Dracula",$M$18, 0)),1))) | G15: =IF(E15 > F15, 1, 0) | I15: All Female Talent | J15: Athena | K15: =IF(L13 >= 10, 'Drifter Priority'!D123, 'Drifter Priority'!C123) | L15: 10 | M15: =0.03*L15
A16: 5 | B16: =VLOOKUP($B$18,'Rift Anecdotes'!$B$6:$H$27,7,FALSE) | C16: =VLOOKUP($B$18,'Rift Anecdotes'!$X$6:$AC$27,6,FALSE) | D16: Dracula | E16: =FLOOR(VLOOKUP(D16,$A$2:$L$7,IF(C16="Male",11,12),false) + IF(D16="Dracula", $M$18*3, 0) + 3*$M$21*SUM(G12:G15),1) | F16: =IF(AND(D16 = "Athena", C16 = "Male"), 0, (FLOOR(B16*(IF(D16="Amakusa", 1-$M$19, 1)) - 3*(IF(D16="Dracula",$M$18, 0)),1))) | G16: =IF(E16 > F16, 1, 0) | I16: All Male Talent | J16: Idol Boy | K16: =IF(L14 >= 10, 'Drifter Priority'!D285, 'Drifter Priority'!C285) | L16: 20 | M16: =0.03*L16
I17: Against Female | J17: Idol Boy | K17: =IF(L15 >= 10, 'Drifter Priority'!D286, 'Drifter Priority'!C286) | L17: 20 | M17: =0.05*L17
A18: Anecdote | B18: Six Dynasty Ritual Dance | I18: Mourning of the Rose | J18: Dracula | K18: =IF(L16 >= 10, 'Drifter Priority'!D108, 'Drifter Priority'!C108) | L18: 1 | M18: =50*L18
A19: Result | B19: =IF(SUM(G12:G16) > 2, "Win", "Lose") | I19: Shadow Dance | J19: Amakusa | K19: =IF(L17 >= 10, 'Drifter Priority'!D28, 'Drifter Priority'!C28) | L19: 20 | M19: =0.01*L19
I20: Principal Dancer | J20: =A6 | K20: =IF(L18 >= 10, 'Drifter Priority'!D267, 'Drifter Priority'!C267) | L20: 1 | M20: =0.03*L20
I21: Queens Legacy | J21: Athena | K21: =IF(L19 >= 10, 'Drifter Priority'!D122, 'Drifter Priority'!C122) | L21: 20 | M21: =30*L21
A22: Credit: SYT for base calculator
